{
	"frames": [
		{
			"frame": {
				"x": 0,
				"y": 0,
				"w": 256,
				"h": 256
			},
			"duration": 83
		},
		{
			"frame": {
				"x": 256,
				"y": 0,
				"w": 256,
				"h": 256
			},
			"duration": 83
		},
		{
			"frame": {
				"x": 512,
				"y": 0,
				"w": 256,
				"h": 256
			},
			"duration": 83
		},
		{
			"frame": {
				"x": 0,
				"y": 256,
				"w": 256,
				"h": 256
			},
			"duration": 83
		},
		{
			"frame": {
				"x": 256,
				"y": 256,
				"w": 256,
				"h": 256
			},
			"duration": 83
		},
		{
			"frame": {
				"x": 512,
				"y": 256,
				"w": 256,
				"h": 256
			},
			"duration": 83
		},
		{
			"frame": {
				"x": 0,
				"y": 512,
				"w": 256,
				"h": 256
			},
			"duration": 83
		},
		{
			"frame": {
				"x": 256,
				"y": 512,
				"w": 256,
				"h": 256
			},
			"duration": 83
		}
	],
	"meta": {
		"app": "https://pixelover.io",
		"version": "0.14.4",
		"filepath": "C:/Users/joeyi/Desktop/IntroUnreal5/knight/Knight/Run/Knight_Run_dir1.png",
		"frameAnimations": [
			{
				"name": "Run",
				"fps": 12,
				"speed_scale": 1,
				"from": 0,
				"to": 7
			}
		],
		"size": {
			"w": 768,
			"h": 768
		},
		"view": "Preview",
		"direction": 0
	}
}