{
	"frames": [
		{
			"frame": {
				"x": 0,
				"y": 0,
				"w": 256,
				"h": 256
			},
			"duration": 100
		},
		{
			"frame": {
				"x": 256,
				"y": 0,
				"w": 256,
				"h": 256
			},
			"duration": 100
		},
		{
			"frame": {
				"x": 512,
				"y": 0,
				"w": 256,
				"h": 256
			},
			"duration": 100
		},
		{
			"frame": {
				"x": 768,
				"y": 0,
				"w": 256,
				"h": 256
			},
			"duration": 100
		},
		{
			"frame": {
				"x": 0,
				"y": 256,
				"w": 256,
				"h": 256
			},
			"duration": 100
		},
		{
			"frame": {
				"x": 256,
				"y": 256,
				"w": 256,
				"h": 256
			},
			"duration": 100
		},
		{
			"frame": {
				"x": 512,
				"y": 256,
				"w": 256,
				"h": 256
			},
			"duration": 100
		},
		{
			"frame": {
				"x": 768,
				"y": 256,
				"w": 256,
				"h": 256
			},
			"duration": 100
		},
		{
			"frame": {
				"x": 0,
				"y": 512,
				"w": 256,
				"h": 256
			},
			"duration": 100
		},
		{
			"frame": {
				"x": 256,
				"y": 512,
				"w": 256,
				"h": 256
			},
			"duration": 100
		},
		{
			"frame": {
				"x": 512,
				"y": 512,
				"w": 256,
				"h": 256
			},
			"duration": 100
		}
	],
	"meta": {
		"app": "https://pixelover.io",
		"version": "0.14.4",
		"filepath": "C:/Users/joeyi/Desktop/IntroUnreal5/knight/Knight/Walk/Knight_Walk_dir2.png",
		"frameAnimations": [
			{
				"name": "Walk",
				"fps": 10,
				"speed_scale": 1,
				"from": 0,
				"to": 10
			}
		],
		"size": {
			"w": 1024,
			"h": 768
		},
		"view": "Preview",
		"direction": 1
	}
}